id	full_name	wiki_page	dob	dod	gender
A-A-M-Bawa	A A M Bawa				
A-A-R-Perera	A A R Perera				
A-A-Wijethunga	A A Wijethunga				
A-Aravind-Kumar	A Aravind Kumar				
A-C-S-Hameed	A C S Hameed				
A-Chandranehru	A Chandranehru				
A-D-Champika-Premadasa	A D Champika Premadasa				
A-D-D-Mudiyanselage	A D D Mudiyanselage				
A-D-Mahavithanaarachchige	A D Mahavithanaarachchige				
A-D-R-Tissa	A D R Tissa				
A-D-Wanniarachchi	A D Wanniarachchi				
A-D-Wickremasinghe	A D Wickremasinghe				
A-H-M-Alavi	A H M Alavi				
A-H-M-Azwer	A H M Azwer				
A-H-M-Fowzie	A H M Fowzie				
A-J-Chandrawansha	A J Chandrawansha				
A-K-Thewarapperuma	A K Thewarapperuma				
A-L-M-Athaullah	A L M Athaullah				
A-L-M-Hajrath	A L M Hajrath				
A-L-M-Nazeer	A L M Nazeer				
A-M-D-Rajan	A M D Rajan				
A-M-Jayawardena	A M Jayawardena				
A-M-M-Abeykoon	A M M Abeykoon				
A-M-M-Naoshad	A M M Naoshad				
A-M-Munidasa-Premachandra	A M Munidasa Premachandra				
A-M-P-Upali	A M P Upali				
A-M-S-Adhikari	A M S Adhikari				
A-M-U-S-Dunstan	A M U S Dunstan				
A-P-G-Chandradasa	A P G Chandradasa				
A-P-Jagath-Pushpakumara	A P Jagath Pushpakumara				
A-R-A-Hafeez	A R A Hafeez				
A-R-M-Abdul-Cader	A R M Abdul Cader				
A-S-P-Don	A S P Don				
A-Thangathurai	A Thangathurai				
A-Vinayagamoorthy	A Vinayagamoorthy				
Abdul-Baiz-Kamardeen	Abdul Baiz Kamardeen				
Abdul-Cader-Shahul-Hameed	Abdul Cader Shahul Hameed				
Abdul-Majeed-Mohamed-Najeeb	Abdul Majeed Mohamed Najeeb				
Abdul-Rahuman-Izak	Abdul Rahuman Izak				
Abdul-Rasak-Mansoor	Abdul Rasak Mansoor				
Abeydheera-Hary	Abeydheera Hary				
Abeyweera-Sumithra-Priyanganie	Abeyweera Sumithra Priyanganie				
Abu-Bakaar	Abu Bakaar				
Achala-Jagodage	Achala Jagodage				
Ahamed-Nazeer-Zainulabdeen	Ahamed Nazeer Zainulabdeen				
Aithurus-M-Illias	Aithurus M Illias				
Ajantha-de-Soyza	Ajantha de Soyza				
Ajith-Gihan	Ajith Gihan				
Ajith-Kumara	Ajith Kumara				
Ajith-Mannapperuma	Ajith Mannapperuma				
Ajith-Nivard-Cabraal	Ajith Nivard Cabraal				
Ajith-Perera	Ajith Perera				
Ajith-Priyadarshana	Ajith Priyadarshana				
Ajith-Rajapakse	Ajith Rajapakse				
Akila-Ellawala	Akila Ellawala				
Akila-Viraj-Kariyawasam	Akila Viraj Kariyawasam				
Akmeemana-Dayarathana	Akmeemana Dayarathana				
Akram-Ilyas	Akram Ilyas				
Alagaiah-Rasamanickam	Alagaiah Rasamanickam				
Alankarage-Victor-Suraweera	Alankarage Victor Suraweera				
Alathipody-Gunaseelan	Alathipody Gunaseelan				
Alavi-Mowlana	Alavi Mowlana				
Alawwe-Nandaloka	Alawwe Nandaloka				
Alec-Robertson	Alec Robertson				
Ali-Ameer	Ali Ameer				
Ali-Sabri-Raheem	Ali Sabri Raheem				
Ali-Sabry	Ali Sabry				
Alick-Aluvihare	Alick Aluvihare				
Amal-Senalankadikara	Amal Senalankadikara				
Amara-Piyaseeli-Ratnayake	Amara Piyaseeli Ratnayake				
Amarakeerthi-Athukorala	Amarakeerthi Athukorala				
Amarakone-Chandra-Karunaratne	Amarakone Chandra Karunaratne				
Amarasiri-Dodangoda	Amarasiri Dodangoda				
Ambika-Samuel	Ambika Samuel				
Ameer-Ali	Ameer Ali				
Amila-Prasad	Amila Prasad				
Amirthanathan-Adaikalanathan	Amirthanathan Adaikalanathan				
Amith-Thenuka-Vidanagamage	Amith Thenuka Vidanagamage				
Ananda-Abeywickrama	Ananda Abeywickrama				
Ananda-Aluthgamage	Ananda Aluthgamage				
Ananda-Kularathne	Ananda Kularathne				
Ananda-Kumarasiri	Ananda Kumarasiri				
Ananda-Lakshman-Wijemanna	Ananda Lakshman Wijemanna				
Ananda-Moonesinghe	Ananda Moonesinghe				
Ananda-Sarath-Kumara	Ananda Sarath Kumara				
Ananda-Wijeyapala	Ananda Wijeyapala				
Angajan-Ramanathan	Angajan Ramanathan				
Anil-Jayantha	Anil Jayantha				
Anil-Moonesinghe	Anil Moonesinghe				
Anjan-Umma	Anjan Umma				
Ankumbura-Withanage	Ankumbura Withanage				
Anoma-Gamage	Anoma Gamage				
Anthony-Emmanuel-Silva	Anthony Emmanuel Silva				
Anton-Jayakody	Anton Jayakody				
Anupa-Pasqual	Anupa Pasqual				
Anura-Bandaranaike	Anura Bandaranaike				
Anura-Gopallawa	Anura Gopallawa				
Anura-Kumara-Dissanayake	Anura Kumara Dissanayake				
Anura-Pradeep-Hapangama	Anura Pradeep Hapangama				
Anura-Priyadharshana-Yapa	Anura Priyadharshana Yapa				
Anuradha-Jayaratne	Anuradha Jayaratne				
Anuruddha-Polgampala	Anuruddha Polgampala				
Anuruddha-Ratwatte	Anuruddha Ratwatte				
Anushka-Thilakarathne	Anushka Thilakarathne				
Aparekke-Punnananda	Aparekke Punnananda				
Appapillai-Amirthalingam	Appapillai Amirthalingam				
Appathurai-Vinayagamoorthy	Appathurai Vinayagamoorthy				
Arachchige-Jinadasa-Niyathapala	Arachchige Jinadasa Niyathapala				
Arachchilage-Jagath-Balasooriya	Arachchilage Jagath Balasooriya				
Aravinda-Vitharana	Aravinda Vitharana				
Ariya-Bandara-Rekawa	Ariya Bandara Rekawa				
Ariyarathna-Jayathilaka	Ariyarathna Jayathilaka				
Arjuna-Ranatunga	Arjuna Ranatunga				
Arumugam-Jegadishwaran	Arumugam Jegadishwaran				
Arumugan-Thondaman	Arumugan Thondaman				
Arun-Hemachandra	Arun Hemachandra				
Aruna-Panagoda	Aruna Panagoda				
Arunasalam-Ponniah-Selliah	Arunasalam Ponniah Selliah				
Arundika-Fernando	Arundika Fernando				
Asanka-Navarathna	Asanka Navarathna				
Asanka-Shehan-Semasinghe	Asanka Shehan Semasinghe				
Ashley-Soundranayagam	Ashley Soundranayagam				
Ashoka-Abeysinghe	Ashoka Abeysinghe				
Ashoka-Gunasena	Ashoka Gunasena				
Ashoka-Priyantha	Ashoka Priyantha				
Ashoka-Ranwala	Ashoka Ranwala				
Asitha-Niroshana	Asitha Niroshana				
Asoka-Jayawardena	Asoka Jayawardena				
Asoka-Wadigamangawa	Asoka Wadigamangawa				
Asoka-Weerasinghe-de-Silva	Asoka Weerasinghe de Silva				
Athauda-Senewiratne	Athauda Senewiratne				
Athaullah-A-L-M	Athaullah A L M				
Athula-Hewage	Athula Hewage				
Athula-Indika-Weerakoon	Athula Indika Weerakoon				
Athula-Kularatne-Attygale	Athula Kularatne Attygale				
Athula-Nimalasiri-Jayasinghe	Athula Nimalasiri Jayasinghe				
Athuraliye-Rathana-Thero	Athuraliye Rathana Thero				
B-A-P-Lionel	B A P Lionel				
B-L-Premachandra	B L Premachandra				
Baddegama-Samitha	Baddegama Samitha				
Bandula-Basnayake	Bandula Basnayake				
Bandula-Gunawardena	Bandula Gunawardena				
Bandula-Lal-Bandarigoda	Bandula Lal Bandarigoda				
Bandula-Yalegama	Bandula Yalegama				
Basheer-Segu-Dawood	Basheer Segu Dawood				
Basil-Rajapaksa	Basil Rajapaksa				
Basooriyage-Ariyawansa	Basooriyage Ariyawansa				
Batty-Weerakoon	Batty Weerakoon				
Bernard-Soysa	Bernard Soysa				
Berty-Premalal-Dissanayake	Berty Premalal Dissanayake				
Bhagya-Sri-Herath	Bhagya Sri Herath				
Bharatha-Lazman-Premachandra	Bharatha Lazman Premachandra				
Bimal-Rathnayaka	Bimal Rathnayaka				
Buddhika-Kurukularatne	Buddhika Kurukularatne				
Buddhika-Pathirana	Buddhika Pathirana				
C-A-Marasinghe	C A Marasinghe				
C-A-Suriyaarachchi	C A Suriyaarachchi				
C-B-Rathnayake	C B Rathnayake				
C-V-Gunaratne	C V Gunaratne				
C-V-Vigneswaran	C V Vigneswaran				
Cader-Cader-Masthan	Cader Cader Masthan				
Caluwadevage-Nanda-Matthew	Caluwadevage Nanda Matthew				
Cassim-Faizal	Cassim Faizal				
Chamal-Rajapaksa	Chamal Rajapaksa				
Chamara-Sampath-Dassanayake	Chamara Sampath Dassanayake				
Chaminda-Lalith-Kumara	Chaminda Lalith Kumara				
Chaminda-Sampath	Chaminda Sampath				
Chaminda-Wijesiri	Chaminda Wijesiri				
Chamindrani-Kiriella	Chamindrani Kiriella				
Champika-Hettiarachchi	Champika Hettiarachchi				
Champika-Ranawaka	Champika Ranawaka				
Chanaka-Sampath-Madugoda	Chanaka Sampath Madugoda				
Chandana-Abayarathna	Chandana Abayarathna				
Chandana-Kathriarachchi	Chandana Kathriarachchi				
Chandana-Sooriyaarachchi	Chandana Sooriyaarachchi				
Chandana-Tennakoon	Chandana Tennakoon				
Chandima-Gamage	Chandima Gamage				
Chandima-Hettiaratchi	Chandima Hettiaratchi				
Chandima-Weerakkody	Chandima Weerakkody				
Chandra-Nehru-Chandrakanthan	Chandra Nehru Chandrakanthan				
Chandradasa-Ranatunga	Chandradasa Ranatunga				
Chandrani-Bandara-Jayasinghe	Chandrani Bandara Jayasinghe				
Chandrani-Bandara	Chandrani Bandara				
Chandrasekara-Gankande	Chandrasekara Gankande				
Chandrasena-Wijesinghe	Chandrasena Wijesinghe				
Chandrasiri-Gajadeera	Chandrasiri Gajadeera				
Chandrika-Kumaratunga	Chandrika Kumaratunga				
Channa-Jayasumana	Channa Jayasumana				
Charitha-Herath	Charitha Herath				
Charles-Nirmalanathan	Charles Nirmalanathan				
Chathura-Galappaththi	Chathura Galappaththi				
Chathura-Senarathne	Chathura Senarathne				
Chathuranga-Abeysinghe	Chathuranga Abeysinghe				
Chathuri-Gangani	Chathuri Gangani				
Chinthaka-Mayadunne	Chinthaka Mayadunne				
Chitra-Manthilake	Chitra Manthilake				
Chrishantha-Abeysena	Chrishantha Abeysena				
D-B-Herath	D B Herath				
D-D-W-Wickremarathne	D D W Wickremarathne				
D-E-W-Gunasekera	D E W Gunasekera				
D-M-Ariyadasa	D M Ariyadasa				
D-M-Ariyaratna	D M Ariyaratna				
D-M-Bandaranaike	D M Bandaranaike				
D-M-Dassanayake	D M Dassanayake				
D-M-G-Dissanayake	D M G Dissanayake				
D-M-Jayaratne	D M Jayaratne				
D-M-S-K-Dassanayake	D M S K Dassanayake				
D-M-Swaminathan	D M Swaminathan				
D-P-Wickremasinghe	D P Wickremasinghe				
D-S-S-Premaratne	D S S Premaratne				
D-Siddarthan	D Siddarthan				
D-Suriyabandara	D Suriyabandara				
D-V-Chanaka	D V Chanaka				
D-Weerasingha	D Weerasingha				
Daham-Wimalasena	Daham Wimalasena				
Dammika-Patabendi	Dammika Patabendi				
Daya-Gamage	Daya Gamage				
Dayasiri-Jayasekara	Dayasiri Jayasekara				
Dayasritha-Thissera	Dayasritha Thissera				
Deepal-Gunasekara	Deepal Gunasekara				
Deepthi-Wasalage	Deepthi Wasalage				
Dewananda-Suraweera	Dewananda Suraweera				
Dhammika-Perera	Dhammika Perera				
Dhanushka-Ranganath	Dhanushka Ranganath				
Dharmadasa-Banda	Dharmadasa Banda				
Dharmadewa-Jayasinghe	Dharmadewa Jayasinghe				
Dharmappriya-Wijesinghe	Dharmappriya Wijesinghe				
Dharmapriya-Dissanayake	Dharmapriya Dissanayake				
Dharmasiri-Senanayake	Dharmasiri Senanayake				
Diana-Gamage	Diana Gamage				
Dickson-Perera	Dickson Perera				
Dilan-Perera	Dilan Perera				
Dilip-Wedaarachchi	Dilip Wedaarachchi				
Dilum-Amunugama	Dilum Amunugama				
Dimuthu-Bandara-Abayakoon	Dimuthu Bandara Abayakoon				
Dinesh-Gunawardena	Dinesh Gunawardena				
Dinesh-Hemantha-Perera	Dinesh Hemantha Perera				
Dingiri-Banda-Wijetunga	Dingiri Banda Wijetunga				
Dinindu-Hennayake	Dinindu Hennayake				
Dixon-J-Perera	Dixon J Perera				
Don-Ranjith-Nanda-Kumarage	Don Ranjith Nanda Kumarage				
Douglas-Devananda	Douglas Devananda				
Duleep-Wijesekera	Duleep Wijesekera				
Dullas-Alahapperuma	Dullas Alahapperuma				
Duminda-Dissanayake	Duminda Dissanayake				
Duminda-Silva	Duminda Silva				
Dunesh-Gankanda	Dunesh Gankanda				
Dushmantha-Mithrapala	Dushmantha Mithrapala				
E-A-D-C-Weerasekera	E A D C Weerasekera				
E-M-Basnayaka	E M Basnayaka				
E-N-U-Fernando	E N U Fernando				
E-Saravanapavan	E Saravanapavan				
E-W-D-Don	E W D Don				
Earl-Gunasekara	Earl Gunasekara				
Ediriweera-Premaratne	Ediriweera Premaratne				
Ediriweera-Weerawardena	Ediriweera Weerawardena				
Edward-Gunasekara	Edward Gunasekara				
Eliyathamby-Pararasasingam	Eliyathamby Pararasasingam				
Eliyathamby-Ratnasabapathy	Eliyathamby Ratnasabapathy				
Ellawala-Medhananda-Thero	Ellawala Medhananda Thero				
Ellawala-Nalanda	Ellawala Nalanda				
Ellawala-Suranganie	Ellawala Suranganie				
Eran-Wickramaratne	Eran Wickramaratne				
Eranga-Gunasekara	Eranga Gunasekara				
Erik-Weerawardena	Erik Weerawardena				
Eugin-Alwis-Samarasinghe	Eugin Alwis Samarasinghe				
Evone-Sriyani-Fernando	Evone Sriyani Fernando				
Faiszer-Musthapha	Faiszer Musthapha				
Farook-Yoonus-Lebbe-Mohamed	Farook Yoonus Lebbe Mohamed				
Felix-Perera	Felix Perera				
Ferial-Ashraff	Ferial Ashraff				
Festus-Perera	Festus Perera				
G-Karunakaran	G Karunakaran				
G-L-Peiris	G L Peiris				
G-L-S-Gunawardena	G L S Gunawardena				
G-Sirinesan	G Sirinesan				
Gajendrakumar-Ponnambalam	Gajendrakumar Ponnambalam				
Gamagedara-Dissanayake	Gamagedara Dissanayake				
Gamini-Athukorala	Gamini Athukorala				
Gamini-Dissanayake	Gamini Dissanayake				
Gamini-Fonseka	Gamini Fonseka				
Gamini-Jayawickrama-Perera	Gamini Jayawickrama Perera				
Gamini-Lokuge	Gamini Lokuge				
Gamini-Rathnayake	Gamini Rathnayake				
Gamini-Vijith-Vijithamuni-Soysa	Gamini Vijith Vijithamuni Soysa				
Gamini-Waleboda	Gamini Waleboda				
Gammaddage-Ajantha	Gammaddage Ajantha				
Ganeshankari-Yogasangari	Ganeshankari Yogasangari				
Gayan-Janaka	Gayan Janaka				
Gayantha-Karunathilaka	Gayantha Karunathilaka				
Gayashan-Nawananda	Gayashan Nawananda				
Geetha-Herath	Geetha Herath				
Geetha-Kumarasinghe	Geetha Kumarasinghe				
Gevindu-Kumaratunga	Gevindu Kumaratunga				
Gitanjana-Gunawardena	Gitanjana Gunawardena				
Gnanamuththu-Krishnappillai	Gnanamuththu Krishnappillai				
Gopallawa-Moithra-Kuda-Banda	Gopallawa Moithra Kuda Banda				
Govinthan-Karunakaram	Govinthan Karunakaram				
Gunapala-Rathnasekara	Gunapala Rathnasekara				
Gunapala-Tissakutti-Arachchi	Gunapala Tissakutti Arachchi				
Gunaratna-Weerakoon	Gunaratna Weerakoon				
Gunasekara-Premaratne	Gunasekara Premaratne				
Gunathilaka-Rajapaksha	Gunathilaka Rajapaksha				
H-B-Semasinghe	H B Semasinghe				
H-C-de-Silva	H C de Silva				
H-G-P-Nelson	H G P Nelson				
H-M-A-L-Banda	H M A L Banda				
H-M-Dharmasena	H M Dharmasena				
H-M-M-Harees	H M M Harees				
H-M-N-Herath	H M N Herath				
H-M-Piyal-Nishantha-de-Silva	H M Piyal Nishantha de Silva				
H-M-Wasantha-Samarasinghe	H M Wasantha Samarasinghe				
H-M-Weerasinghe	H M Weerasinghe				
H-R-Mithrapala	H R Mithrapala				
H-R-Piyasiri	H R Piyasiri				
H-R-Wimalasiri	H R Wimalasiri				
Hansaka-Wijemuni	Hansaka Wijemuni				
Harin-Fernando	Harin Fernando				
Harindra-Corea	Harindra Corea				
Harindra-Jayanthi-Corea	Harindra Jayanthi Corea				
Harini-Amarasuriya	Harini Amarasuriya				
Harold-Herath	Harold Herath				
Harsha-de-Silva	Harsha de Silva				
Harshana-Nanayakkara	Harshana Nanayakkara				
Harshana-Rajakaruna	Harshana Rajakaruna				
Hasen-Ali	Hasen Ali				
Hector-Appuhamy	Hector Appuhamy				
Hema-Ratnayake	Hema Ratnayake				
Hemakumara-Nanayakkara	Hemakumara Nanayakkara				
Hemal-Gunasekara	Hemal Gunasekara				
Hemali-Weerasekara	Hemali Weerasekara				
Herath-Herald-James-Edward	Herath Herald James Edward				
Hesha-Withanage	Hesha Withanage				
Hewagampolage-Sirisena	Hewagampolage Sirisena				
Hiniduma-Sunil-Senvi	Hiniduma Sunil Senvi				
Hiruni-Wijesinghe	Hiruni Wijesinghe				
Hirunika-Premachandra	Hirunika Premachandra				
Hunais-Farook	Hunais Farook				
Hussain-Ahamed-Bhaila	Hussain Ahamed Bhaila				
I-M-P-P-Perera	I M P P Perera				
Ilaiyathambi-Srinath	Ilaiyathambi Srinath				
Imithiyas-Bakeer-Makar	Imithiyas Bakeer Makar				
Imran-Maharoof	Imran Maharoof				
Indika-Anuruddha	Indika Anuruddha				
Indika-Bandaranaike	Indika Bandaranaike				
Indika-Gunawardena	Indika Gunawardena				
Indradasa-Hettiarachchi	Indradasa Hettiarachchi				
Innasimuthu-Alfred	Innasimuthu Alfred				
Irasa-Kuganeswaran	Irasa Kuganeswaran				
Ishak-Rahuman	Ishak Rahuman				
Ismail-Mohammed-Quddus	Ismail Mohammed Quddus				
Isuru-Dodangoda	Isuru Dodangoda				
J-A-Mary-Lucida	J A Mary Lucida				
J-C-Alawathuwala	J C Alawathuwala				
J-M-D-Dissanayake	J M D Dissanayake				
J-N-M-Koralage	J N M Koralage				
J-P-V-Vipulaguna	J P V Vipulaguna				
J-R-P-Suriyapperuma	J R P Suriyapperuma				
J-S-K-Ranawaka	J S K Ranawaka				
Jagath-Balasuriya	Jagath Balasuriya				
Jagath-Gunawardena	Jagath Gunawardena				
Jagath-Kumara	Jagath Kumara				
Jagath-Manuwarna	Jagath Manuwarna				
Jagath-Priyankara	Jagath Priyankara				
Jagath-Samarawickrama	Jagath Samarawickrama				
Jagath-Vithana	Jagath Vithana				
Jagath-Wickremerathna	Jagath Wickremerathna				
Janadasa-Peiris	Janadasa Peiris				
Janak-Mahendra-Adhikari	Janak Mahendra Adhikari				
Janaka-Bandara-Priyantha	Janaka Bandara Priyantha				
Janaka-Bandara-Tennakoon	Janaka Bandara Tennakoon				
Janaka-Senarathna	Janaka Senarathna				
Janaka-Thissakuttiarachchi	Janaka Thissakuttiarachchi				
Janaka-Wakkumbura	Janaka Wakkumbura				
Janath-Chithral-Fernando	Janath Chithral Fernando				
Jayalath-Jayawardana	Jayalath Jayawardana				
Jayampathy-Wickramaratne	Jayampathy Wickramaratne				
Jayantha-Jayaweera	Jayantha Jayaweera				
Jayantha-Katugoda	Jayantha Katugoda				
Jayantha-Samaraweera	Jayantha Samaraweera				
Jayantha-Weerasinghe	Jayantha Weerasinghe				
Jayantha-Wijesekara	Jayantha Wijesekara				
Jayarathna-Herath	Jayarathna Herath				
Jayaratne-Silva-Dedimuni-Robert	Jayaratne Silva Dedimuni Robert				
Jayasinghe-Bandara	Jayasinghe Bandara				
Jayasundara-Wijekoon	Jayasundara Wijekoon				
Jayathilaka-Podinilame	Jayathilaka Podinilame				
Jayatissa-Ranaweera	Jayatissa Ranaweera				
Jeevan-Thondaman	Jeevan Thondaman				
Jeewan-Kumaranatunga	Jeewan Kumaranatunga				
Jeyaraj-Fernandopulle	Jeyaraj Fernandopulle				
Jeyaratnam-Thiviya-Nadan	Jeyaratnam Thiviya Nadan				
Jinadasa-Kitulagoda	Jinadasa Kitulagoda				
John-Amaratunga	John Amaratunga				
John-Senewiratne	John Senewiratne				
Johnston-Fernando	Johnston Fernando				
Joseph-George-Rajenthiram	Joseph George Rajenthiram				
Joseph-Michael-Perera	Joseph Michael Perera				
Joseph-Pararajasingham	Joseph Pararajasingham				
Justin-Galappaththi	Justin Galappaththi				
K-A-N-Gunasinghe	K A N Gunasinghe				
K-A-W-K-Arachchi	K A W K Arachchi				
K-D-Lalkantha	K D Lalkantha				
K-D-U-Gunaratne	K D U Gunaratne				
K-G-J-Fernando	K G J Fernando				
K-H-G-N-Padmasiri	K H G N Padmasiri				
K-H-Nandasena	K H Nandasena				
K-K-Piyadasa	K K Piyadasa				
K-Kader-Masthan	K Kader Masthan				
K-Kanakaraj	K Kanakaraj				
K-Kodeeswaran	K Kodeeswaran				
K-M-Nimal-Herath	K M Nimal Herath				
K-M-Thowfeek	K M Thowfeek				
K-N-Choksy	K N Choksy				
K-P-S-Kumarasiri	K P S Kumarasiri				
K-S-Kugathasan	K S Kugathasan				
K-Thurairetnasingam	K Thurairetnasingam				
K-V-Kugendran	K V Kugendran				
K-V-Samantha-Vidyaratna	K V Samantha Vidyaratna				
K-Velayudam	K Velayudam				
K-W-Shantha-Bandara	K W Shantha Bandara				
Kabir-Hashim	Kabir Hashim				
Kahaluwe-Ratnaseeha	Kahaluwe Ratnaseeha				
Kalinga-Obeywansa	Kalinga Obeywansa				
Kamal-Karunanayake	Kamal Karunanayake				
Kamala-Ranatunga	Kamala Ranatunga				
Kanagasabai-Pathmanathan	Kanagasabai Pathmanathan				
Kanaka-Herath	Kanaka Herath				
Kanapathy-Selvanayagam	Kanapathy Selvanayagam				
Kanchana-Welipitiya	Kanchana Welipitiya				
Kanchana-Wijesekera	Kanchana Wijesekera				
Kandasami-Prabhu	Kandasami Prabhu				
Kandiah-Navaratnam	Kandiah Navaratnam				
Kandiah-Sangaran	Kandiah Sangaran				
Kapila-Nuwan-Athukorala	Kapila Nuwan Athukorala				
Karu-Jayasuriya	Karu Jayasuriya				
Karu-Paranawithana	Karu Paranawithana				
Karunadasa-Kodithuwakku	Karunadasa Kodithuwakku				
Karunananthan-Ilankumaran	Karunananthan Ilankumaran				
Karunasena-Kodituwakku	Karunasena Kodituwakku				
Karupaiyah-Velayutham	Karupaiyah Velayutham				
Kasadoruge-Vincent-Perera	Kasadoruge Vincent Perera				
Kathiravelu-Sanmugam-Kuhadasan	Kathiravelu Sanmugam Kuhadasan				
Kaushalya-Ariyarathne	Kaushalya Ariyarathne				
Kavinda-Jayawardena	Kavinda Jayawardena				
Keerthi-Suranjith-Mawellage	Keerthi Suranjith Mawellage				
Keheliya-Rambukwella	Keheliya Rambukwella				
Kiddinan-Sivanesan	Kiddinan Sivanesan				
Kingsley-Rajanayagam	Kingsley Rajanayagam				
Kingsly-Tissa-Wickramarathne	Kingsly Tissa Wickramarathne				
Kins-Nelson	Kins Nelson				
Kiri-Banda-Ratnayake	Kiri Banda Ratnayake				
Kitnan-Selvaraj	Kitnan Selvaraj				
Kokila-Gunawardena	Kokila Gunawardena				
Kolonnawe-Sri-Sumangala	Kolonnawe Sri Sumangala				
Konamalai-Mathavarajah	Konamalai Mathavarajah				
Kosala-Jayaweera	Kosala Jayaweera				
Kotapola-Amarakitti	Kotapola Amarakitti				
Krishnan-Kaleichelvi	Krishnan Kaleichelvi				
Krishnapillai-Thurairasasingham	Krishnapillai Thurairasasingham				
Kulasingam-Thileepan	Kulasingam Thileepan				
Kumara-Welgama	Kumara Welgama				
Kumarasiri-Rathnayake	Kumarasiri Rathnayake				
Kumari-Tennakoon	Kumari Tennakoon				
L-A-Wijemanne	L A Wijemanne				
L-G-Wasantha-Piyatissa	L G Wasantha Piyatissa				
L-M-Abeywickrama	L M Abeywickrama				
Lakshman-Jayakody	Lakshman Jayakody				
Lakshman-Kadirgamar	Lakshman Kadirgamar				
Lakshman-Kiriella	Lakshman Kiriella				
Lakshman-Nipuna-Arachchi	Lakshman Nipuna Arachchi				
Lakshman-Senewiratne	Lakshman Senewiratne				
Lakshman-Wasantha-Perera	Lakshman Wasantha Perera				
Lakshman-Yapa-Abeywardena	Lakshman Yapa Abeywardena				
Lal-Chamika-Buddhadasa	Lal Chamika Buddhadasa				
Lal-Dharmapriya-Gamage	Lal Dharmapriya Gamage				
Lal-Gamage	Lal Gamage				
Lal-Premanath	Lal Premanath				
Lalith-Athulathmudali	Lalith Athulathmudali				
Lalith-Dissanayake	Lalith Dissanayake				
Lalith-Ellawala	Lalith Ellawala				
Lalith-Varna-Kumara	Lalith Varna Kumara				
Larine-Perera	Larine Perera				
Lasantha-Alagiyawanna	Lasantha Alagiyawanna				
Lasith-Bashana	Lasith Bashana				
Leslie-Gunawardana	Leslie Gunawardana				
Lilantha-Perera	Lilantha Perera				
Lionel-Premasiri	Lionel Premasiri				
Lionel-Rajapaksa	Lionel Rajapaksa				
Lohan-Ratwatte	Lohan Ratwatte				
Lucky-Jayawardena	Lucky Jayawardena				
M-A-Ghafoor-Zafarullah	M A Ghafoor Zafarullah				
M-A-M-Maharoof	M A M Maharoof				
M-A-Sumanthiran	M A Sumanthiran				
M-D-Namal-Karunaratne	M D Namal Karunaratne				
M-G-Weerasena	M G Weerasena				
M-H-A-Haleem	M H A Haleem				
M-H-Amit	M H Amit				
M-H-M-Ashraff	M H M Ashraff				
M-H-M-Navavi	M H M Navavi				
M-H-M-Salman	M H M Salman				
M-H-Mohamed	M H Mohamed				
M-H-Segu-Isadean	M H Segu Isadean				
M-I-M-Mansoor	M I M Mansoor				
M-K-A-D-S-Gunawardana	M K A D S Gunawardana				
M-K-Eelaventhan	M K Eelaventhan				
M-K-Shivajilingam	M K Shivajilingam				
M-L-A-M-Hisbullah	M L A M Hisbullah				
M-L-M-Aboosally	M L M Aboosally				
M-M-M-J-Cooray	M M M J Cooray				
M-M-M-Musthaffa	M M M Musthaffa				
M-M-S-Karunaratne	M M S Karunaratne				
M-M-Thahir	M M Thahir				
M-Mohamed-Musthaffa	M Mohamed Musthaffa				
M-N-Abdul-Majeed	M N Abdul Majeed				
M-Rameshwaran	M Rameshwaran				
M-S-M-Aslam	M S M Aslam				
M-S-Sellasamy	M S Sellasamy				
M-S-Thowfeek	M S Thowfeek				
M-S-Wijeyeratne	M S Wijeyeratne				
M-Thilakarajah	M Thilakarajah				
M-Udayakumar	M Udayakumar				
M-Velu-Kumar	M Velu Kumar				
Madduma-Bandara-Sethapenage-Appuhamy-Ralalage	Madduma Bandara Sethapenage Appuhamy Ralalage				
Maddumage-Samson-Silva	Maddumage Samson Silva				
Madhura-Senevirathna	Madhura Senevirathna				
Madhura-Withanage	Madhura Withanage				
Madurapala-Ediriweera	Madurapala Ediriweera				
Mahammadu-Aslam	Mahammadu Aslam				
Maheepala-Herath	Maheepala Herath				
Mahen-Gunasekera	Mahen Gunasekera				
Mahinda-Amaraweera	Mahinda Amaraweera				
Mahinda-Jayasinghe	Mahinda Jayasinghe				
Mahinda-Rajapaksa	Mahinda Rajapaksa				
Mahinda-Ratnatilaka	Mahinda Ratnatilaka				
Mahinda-Samarasinghe	Mahinda Samarasinghe				
Mahinda-Wijesekara	Mahinda Wijesekara				
Mahinda-Yapa-Abeywardena	Mahinda Yapa Abeywardena				
Mahindananda-Aluthgamage	Mahindananda Aluthgamage				
Maithripala-Senanayake	Maithripala Senanayake				
Maithripala-Sirisena	Maithripala Sirisena				
Malik-Samarawickrama	Malik Samarawickrama				
Malini-Fonseka	Malini Fonseka				
Malith-Jayathilake	Malith Jayathilake				
Mallika-de-Mel	Mallika de Mel				
Malwattage-Nimal-Ransiri-Peiris	Malwattage Nimal Ransiri Peiris				
Mangala-Moonesinghe	Mangala Moonesinghe				
Mangala-Samaraweera	Mangala Samaraweera				
Manjula-Dissanayake	Manjula Dissanayake				
Manjula-Ratnayake	Manjula Ratnayake				
Manjula-Suraweera-Arachchi	Manjula Suraweera Arachchi				
Mano-Ganesan	Mano Ganesan				
Mano-Wijeyeratne	Mano Wijeyeratne				
Manoj-Rajapaksha	Manoj Rajapaksha				
Manusha-Nanayakkara	Manusha Nanayakkara				
Marjan-Faleel	Marjan Faleel				
Markandu-Gunasegaram	Markandu Gunasegaram				
MASalman-Javid	MASalman Javid				
Matthew-Vincent-Perera	Matthew Vincent Perera				
Mavai-Senathirajah	Mavai Senathirajah				
Mayantha-Dissanayake	Mayantha Dissanayake				
Meerasahibu-Abdul-Majeed	Meerasahibu Abdul Majeed				
Meerasahibu-Uthumalebbe	Meerasahibu Uthumalebbe				
Mervin-(Not-to-be-confused-with-Silva-Silva	Mervin (Not to be confused with Silva Silva				
Mervyn-Silva	Mervyn Silva				
Milan-Jayathilaka	Milan Jayathilaka				
Milinda-Moragoda	Milinda Moragoda				
Milroy-Fernando	Milroy Fernando				
Mohamed-Faisal	Mohamed Faisal				
Mohamed-Haneefa	Mohamed Haneefa				
Mohamed-Ismail-Anwar-Ismail	Mohamed Ismail Anwar Ismail				
Mohamed-Ismail	Mohamed Ismail				
Mohamed-Jabir-Abdul-Cader	Mohamed Jabir Abdul Cader				
Mohamed-Maharoof	Mohamed Maharoof				
Mohamed-Mussammil	Mohamed Mussammil				
Mohamed-Rajabdeen	Mohamed Rajabdeen				
Mohan-Lal-Grero	Mohan Lal Grero				
Mohan-Silva	Mohan Silva				
Mohideen-Abdul-Cader	Mohideen Abdul Cader				
Mohomed-Pasmin	Mohomed Pasmin				
Monty-Gopallawa	Monty Gopallawa				
Muditha-Prishanthi	Muditha Prishanthi				
Mujibur-Rahman	Mujibur Rahman				
Muneer-Mulafar	Muneer Mulafar				
Murugan-Satchithanandan	Murugan Satchithanandan				
Murugesu-Chandrakumar	Murugesu Chandrakumar				
Murugesu-Sivasithamparam	Murugesu Sivasithamparam				
Muszhaaraff-Muthunabeen	Muszhaaraff Muthunabeen				
Muthali-Bawa-Farook	Muthali Bawa Farook				
Muthu-Sivalingam	Muthu Sivalingam				
Muthumenike-Rathwatte	Muthumenike Rathwatte				
N-D-N-P-Jayasinghe	N D N P Jayasinghe				
Nadarajah-Atputharajah	Nadarajah Atputharajah				
Nadarajah-Raviraj	Nadarajah Raviraj				
Nadarasa-Matanarasa	Nadarasa Matanarasa				
Nalaka-Godahewa	Nalaka Godahewa				
Nalaka-Kolonne	Nalaka Kolonne				
Nalaka-Kottegoda	Nalaka Kottegoda				
Nalin-Bandara-Jayamaha	Nalin Bandara Jayamaha				
Nalin-Bandara	Nalin Bandara				
Nalin-Fernando	Nalin Fernando				
Nalin-Hewage	Nalin Hewage				
Nalinda-Jayatissa	Nalinda Jayatissa				
Nallathamby-Srikantha	Nallathamby Srikantha				
Namal-Rajapaksa	Namal Rajapaksa				
Namal-Sudarshana	Namal Sudarshana				
Nanda-Bandara	Nanda Bandara				
Nanda-Matthew	Nanda Matthew				
Nandana-Gunathilake	Nandana Gunathilake				
Nandana-Millagala	Nandana Millagala				
Nandana-Padmakumara	Nandana Padmakumara				
Nandimithra-Ekanayake	Nandimithra Ekanayake				
Navin-Dissanayake	Navin Dissanayake				
Nawalaage-Benet-Cooray	Nawalaage Benet Cooray				
Nayana-Wasalathilake	Nayana Wasalathilake				
Nayanathara-Premathilake	Nayanathara Premathilake				
Neelan-Tiruchelvam	Neelan Tiruchelvam				
Neil-Rupasinghe	Neil Rupasinghe				
Neomal-Perera	Neomal Perera				
Neranjan-Wickremasinghe	Neranjan Wickremasinghe				
Neville-Fernando	Neville Fernando				
Nihal-Abeysinghe	Nihal Abeysinghe				
Nihal-Bakmeewewa	Nihal Bakmeewewa				
Nihal-Galappaththi	Nihal Galappaththi				
Nihal-Yasendra-Bakmeewewa	Nihal Yasendra Bakmeewewa				
Nilantha-Bandara	Nilantha Bandara				
Nilanthi-Kottahachchi	Nilanthi Kottahachchi				
Nilusha-Gamage	Nilusha Gamage				
Nimal-Lanza	Nimal Lanza				
Nimal-Piyatissa	Nimal Piyatissa				
Nimal-Siripala-de-Silva	Nimal Siripala de Silva				
Nimal-Wijesinghe	Nimal Wijesinghe				
Nipuna-Ranawaka	Nipuna Ranawaka				
Nirmala-Kotalawala	Nirmala Kotalawala				
Niroshan-Perera	Niroshan Perera				
Niroshan-Premaratne	Niroshan Premaratne				
Nirupama-Rajapaksa	Nirupama Rajapaksa				
Nishantha-Muthuhettigama	Nishantha Muthuhettigama				
Nishantha-Perera	Nishantha Perera				
Nishantha-Samaraweera	Nishantha Samaraweera				
Noordeen-Mashoor	Noordeen Mashoor				
Olitha-Premathirathna	Olitha Premathirathna				
Omalpe-Sobhitha	Omalpe Sobhitha				
Oshani-Umanga	Oshani Umanga				
Ossie-Abeygunasekara	Ossie Abeygunasekara				
P-Ariyanethiran	P Ariyanethiran				
P-B-G-Kalugalla	P B G Kalugalla				
P-D-Abeyratne	P D Abeyratne				
P-D-N-K-Palihena	P D N K Palihena				
P-Dayaratna	P Dayaratna				
P-Harrison	P Harrison				
P-K-Indika	P K Indika				
P-P-Devaraj	P P Devaraj				
P-Radhakrishnan	P Radhakrishnan				
P-S-P-Samaranayake	P S P Samaranayake				
P-Selvarasa	P Selvarasa				
P-Weerakumara-Dissanayake	P Weerakumara Dissanayake				
Padma-Udayashnatha-Gunasekara	Padma Udayashnatha Gunasekara				
Pakkiyaselvam-Ariyanethiran	Pakkiyaselvam Ariyanethiran				
Palani-Digambaran	Palani Digambaran				
Palisge-Harrison	Palisge Harrison				
Palitha-Range-Bandara	Palitha Range Bandara				
Palitha-Thewarapperuma	Palitha Thewarapperuma				
Pandu-Bandaranaike	Pandu Bandaranaike				
Patabandi-Madduma-Baduge-Cyril	Patabandi Madduma Baduge Cyril				
Pathirage-Don-Abeyratne	Pathirage Don Abeyratne				
Pathmasiri-Bandara	Pathmasiri Bandara				
Pathmini-Sithamparanathan	Pathmini Sithamparanathan				
Pavithra-Devi-Wanniarachchi	Pavithra Devi Wanniarachchi				
Pemasiri-Manage	Pemasiri Manage				
Periyasamy-Chandrasekaran	Periyasamy Chandrasekaran				
Perumal-Rajadurai	Perumal Rajadurai				
Perumalpillai-Radhakrishnan	Perumalpillai Radhakrishnan				
Peter-Silva-Loku-Galappaththy	Peter Silva Loku Galappaththy				
Petikirige-Dayaratna	Petikirige Dayaratna				
Philipps-Sri-Liyanage	Philipps Sri Liyanage				
Piyadasa-Abeynayake	Piyadasa Abeynayake				
Piyankara-Jayaratne	Piyankara Jayaratne				
Piyasena-Gamage	Piyasena Gamage				
Piyasiri-Wijenayake	Piyasiri Wijenayake				
Podiappuhamy-Piyasena	Podiappuhamy Piyasena				
Praba-Ganesan	Praba Ganesan				
Prabha-Senarath	Prabha Senarath				
Pradeep-Undugoda	Pradeep Undugoda				
Prageeth-Maduranga	Prageeth Maduranga				
Pramitha-Tennakoon	Pramitha Tennakoon				
Prasanna-Gunasena	Prasanna Gunasena				
Prasanna-Ranatunga	Prasanna Ranatunga				
Prasanna-Ranaweera	Prasanna Ranaweera				
Premalal-Jayasekara	Premalal Jayasekara				
Premaratnage-Sumathipala	Premaratnage Sumathipala				
Premnath-C-Dolawaththa	Premnath C Dolawaththa				
Prince-Gunarasa-Casinader	Prince Gunarasa Casinader				
Priyantha-Liyanage	Priyantha Liyanage				
Priyantha-Wijeratne	Priyantha Wijeratne				
Punchi-Banda-Dissanayake	Punchi Banda Dissanayake				
Punchi-Banda-Kaviratne	Punchi Banda Kaviratne				
R-A-D-Sirisena	R A D Sirisena				
R-D-Wimaladasa	R D Wimaladasa				
R-G-Wijerathna	R G Wijerathna				
R-M-Jayasena-Rajakaruna	R M Jayasena Rajakaruna				
R-M-P-U-S-Gunasekera	R M P U S Gunasekera				
R-M-R-N-Bandara	R M R N Bandara				
R-M-Ranjith-Madduma-Bandara	R M Ranjith Madduma Bandara				
R-M-Rathnayake	R M Rathnayake				
R-N-G-de-Soyza	R N G de Soyza				
R-P-A-Ranaweera-Pathirana	R P A Ranaweera Pathirana				
R-P-Wijesiri	R P Wijesiri				
R-Sampanthan	R Sampanthan				
R-Wijerathne	R Wijerathne				
R-Yogarajan	R Yogarajan				
Rahul-Rajapuththiran	Rahul Rajapuththiran				
Raja-Collure	Raja Collure				
Raja-Kuhaneswaran	Raja Kuhaneswaran				
Rajarathnan-Sivasamy	Rajarathnan Sivasamy				
Rajavarothiam-Sampanthan	Rajavarothiam Sampanthan				
Rajeewan-Jayachandramurthy	Rajeewan Jayachandramurthy				
Rajendran-Ramamoorthy	Rajendran Ramamoorthy				
Rajika-Wickramasinghe	Rajika Wickramasinghe				
Rajitha-Senaratne	Rajitha Senaratne				
Rajiva-Wijesinha	Rajiva Wijesinha				
Ramaiah-Yogarajan	Ramaiah Yogarajan				
Ramalingam-Chandrasekar	Ramalingam Chandrasekar				
Ramanathan-Archuna	Ramanathan Archuna				
Ramesh-Pathirana	Ramesh Pathirana				
Ranil-Wickremasinghe	Ranil Wickremasinghe				
Ranjan-Ramanayake	Ranjan Ramanayake				
Ranjan-Wijayawardhana	Ranjan Wijayawardhana				
Ranjan-Wijeratne	Ranjan Wijeratne				
Ranjit-Atapattu	Ranjit Atapattu				
Ranjith-Aluvihare	Ranjith Aluvihare				
Ranjith-Bandara	Ranjith Bandara				
Ranjith-de-Soysa	Ranjith de Soysa				
Ranjith-Nawarathna	Ranjith Nawarathna				
Ranjith-Siyambalapitiya	Ranjith Siyambalapitiya				
Rasa-Manohari-Pulendran	Rasa Manohari Pulendran				
Raseen-Mohammed-Imam	Raseen Mohammed Imam				
Rathna-Gamage	Rathna Gamage				
Ratnasiri-Wickremanayake	Ratnasiri Wickremanayake				
Rauff-Hakeem	Rauff Hakeem				
Raveendra-Bandara	Raveendra Bandara				
Ravi-Karunanayake	Ravi Karunanayake				
Ravindra-Randeniya	Ravindra Randeniya				
Ravindra-Samaraweera	Ravindra Samaraweera				
Reggie-Padmasena-Ranatunga	Reggie Padmasena Ranatunga				
Reggie-Ranatunga	Reggie Ranatunga				
Reginald-Cooray	Reginald Cooray				
Renuka-Herath	Renuka Herath				
Richard-Pathirana	Richard Pathirana				
Risad-Badhiutheen	Risad Badhiutheen				
Riyaz-Faruk	Riyaz Faruk				
Rizvie-Salih	Rizvie Salih				
Rizzwi-Sinnalebbe	Rizzwi Sinnalebbe				
Rohana-Bandara	Rohana Bandara				
Rohana-Dissanayake	Rohana Dissanayake				
Rohana-Pushpakumara	Rohana Pushpakumara				
Rohini-Kumari-Wijerathna	Rohini Kumari Wijerathna				
Rohitha-Abeygunawardena	Rohitha Abeygunawardena				
Rohitha-Bogollagama	Rohitha Bogollagama				
Ronnie-de-Mel	Ronnie de Mel				
Roshan-Akmeemana	Roshan Akmeemana				
Roshan-Ranasinghe	Roshan Ranasinghe				
Rosy-Senanayake	Rosy Senanayake				
Rukman-Senanayake	Rukman Senanayake				
Rupa-Karunathilake	Rupa Karunathilake				
Ruwan-Mapalagama	Ruwan Mapalagama				
Ruwan-Ranatunga	Ruwan Ranatunga				
Ruwan-Wijewardene	Ruwan Wijewardene				
Ruwanthilake-Jayakodi	Ruwanthilake Jayakodi				
S-A-Muthubanda	S A Muthubanda				
S-A-R-Madduma-Bandara	S A R Madduma Bandara				
S-A-S-Sakalasooriya	S A S Sakalasooriya				
S-B-Dissanayake	S B Dissanayake				
S-B-Nawinne	S B Nawinne				
S-B-Welagedara	S B Welagedara				
S-Jegadhiswaran	S Jegadhiswaran				
S-K-Jegatheeswaran	S K Jegatheeswaran				
S-K-Subasinghe	S K Subasinghe				
S-Kajendran	S Kajendran				
S-M-Chandrasena	S M Chandrasena				
S-M-Marikkar	S M Marikkar				
S-Pradeep	S Pradeep				
S-S-M-Abu-Bakaar	S S M Abu Bakaar				
S-Sathasivam	S Sathasivam				
S-Shanmuganathan	S Shanmuganathan				
S-Sivamohan	S Sivamohan				
S-Sritharan	S Sritharan				
S-Viyalendiran	S Viyalendiran				
S-Yogeswaran	S Yogeswaran				
Sagala-Ratnayaka	Sagala Ratnayaka				
Sagara-Kariyawasam	Sagara Kariyawasam				
Sagarika-Athauda	Sagarika Athauda				
Sahan-Pradeep-Withana	Sahan Pradeep Withana				
Saidulla-Marikkar	Saidulla Marikkar				
Sajin-Vass-Gunawardena	Sajin Vass Gunawardena				
Sajith-Premadasa	Sajith Premadasa				
Salinda-Dissanayake	Salinda Dissanayake				
Saliya-Madarasinghe	Saliya Madarasinghe				
Samanmalee-Gunasinghe	Samanmalee Gunasinghe				
Samanpriya-Herath	Samanpriya Herath				
Samansiri-Herath	Samansiri Herath				
Samaraweera-Weerawanni	Samaraweera Weerawanni				
Sanath-Jayasuriya	Sanath Jayasuriya				
Sanath-Nishantha	Sanath Nishantha				
Sandith-Samarasinghe	Sandith Samarasinghe				
Sangarapillai-Sivathasan	Sangarapillai Sivathasan				
Sanjeeva-Edirimanna	Sanjeeva Edirimanna				
Sanjeeva-Kaviratne	Sanjeeva Kaviratne				
Sanjeewa-Ranasinghe	Sanjeewa Ranasinghe				
Santhakumara-Punchihewa	Santhakumara Punchihewa				
Santhanam-Arulsamy	Santhanam Arulsamy				
Sarana-Gunawardena	Sarana Gunawardena				
Sarath-Amunugama	Sarath Amunugama				
Sarath-Chandra-Rajakaruna	Sarath Chandra Rajakaruna				
Sarath-Chandrasiri-Mayadunne	Sarath Chandrasiri Mayadunne				
Sarath-Chandrasiri-Muthukumarana	Sarath Chandrasiri Muthukumarana				
Sarath-Fonseka	Sarath Fonseka				
Sarath-Keerthirathna	Sarath Keerthirathna				
Sarath-Kumara-Gunaratna	Sarath Kumara Gunaratna				
Sarath-Kumara	Sarath Kumara				
Sarath-Moonesinghe	Sarath Moonesinghe				
Sarath-Ranawaka	Sarath Ranawaka				
Sarath-Weerasekara	Sarath Weerasekara				
Saroja-Paulraj	Saroja Paulraj				
Sathasivam-Kanagaratnam	Sathasivam Kanagaratnam				
Savumiamoorthy-Thondaman	Savumiamoorthy Thondaman				
Sebastiyampillai-Edward	Sebastiyampillai Edward				
Seetha-Arambepola	Seetha Arambepola				
Seid-Ahamed-Abdul-Majeed	Seid Ahamed Abdul Majeed				
Selvam-Adaikalanathan	Selvam Adaikalanathan				
Selvarajah-Kajendren	Selvarajah Kajendren				
Selvathambi-Thilakanathan	Selvathambi Thilakanathan				
Sena-Nanayakkara	Sena Nanayakkara				
Senathirajah-Jeyanandamoorthy	Senathirajah Jeyanandamoorthy				
Sennan-Veera	Sennan Veera				
Seyed-Ali-Zahir-Moulana	Seyed Ali Zahir Moulana				
Shan-Wijayalal-De-Silva	Shan Wijayalal De Silva				
Shanakiya-Rasamanickam	Shanakiya Rasamanickam				
Shantha-Abeysekara	Shantha Abeysekara				
Shantha-Padmakumara	Shantha Padmakumara				
Shanthi-Sriskantharajah	Shanthi Sriskantharajah				
Shasheendra-Rajapaksa	Shasheendra Rajapaksa				
Shriyani-Wijewickreme	Shriyani Wijewickreme				
Sidney-Jayarathna	Sidney Jayarathna				
Sihabdeen-Nijamudeen	Sihabdeen Nijamudeen				
Silvestri-Alantine	Silvestri Alantine				
Sinnathamby-Sivamaharajah	Sinnathamby Sivamaharajah				
Sinniah-Thangavel	Sinniah Thangavel				
Siri-Andrahannadi	Siri Andrahannadi				
Sirimavo-Bandaranaike	Sirimavo Bandaranaike				
Sirinal-de-Mel	Sirinal de Mel				
Siripala-Amarasinghe	Siripala Amarasinghe				
Siripala-Gamalath	Siripala Gamalath				
Sirisena-Cooray	Sirisena Cooray				
Sisira-Jayakody	Sisira Jayakody				
Sivagnanam-Shritharan	Sivagnanam Shritharan				
Sivanathan-Kisshor	Sivanathan Kisshor				
Sivanesathurai-Chandrakanthan	Sivanesathurai Chandrakanthan				
Sivapragasam-Ratnarajah	Sivapragasam Ratnarajah				
Sivasakthy-Ananthan	Sivasakthy Ananthan				
Solomon-Cyril	Solomon Cyril				
Somasuntharam-Ganeshamoorthy	Somasuntharam Ganeshamoorthy				
Somaweera-Chandrasiri	Somaweera Chandrasiri				
Sri-Bhavanandaraja-Shanmuganathan	Sri Bhavanandaraja Shanmuganathan				
Sri-Ranga-Jeyaratnam	Sri Ranga Jeyaratnam				
Srimanee-Athulathmudali	Srimanee Athulathmudali				
Sripathi-Sooriyaarachchi	Sripathi Sooriyaarachchi				
Stanley-Tillekerathne	Stanley Tillekerathne				
Stephani-Fernando	Stephani Fernando				
Sudarshana-Denipitiya	Sudarshana Denipitiya				
Sudarshani-Fernandopulle	Sudarshani Fernandopulle				
Sudath-Balagalla	Sudath Balagalla				
Sudath-Manjula	Sudath Manjula				
Sugath-Tissera	Sugath Tissera				
Sujatha-Alahakoon	Sujatha Alahakoon				
Sujeeva-Dissanayake	Sujeeva Dissanayake				
Sujeewa-Senasinghe	Sujeewa Senasinghe				
Sujith-Sanjaya-Perera	Sujith Sanjaya Perera				
Sumedha-G-Jayasena	Sumedha G Jayasena				
Sumith-Udukumbura	Sumith Udukumbura				
Sunethra-Ranasinghe	Sunethra Ranasinghe				
Sunil-Biyanvila	Sunil Biyanvila				
Sunil-Handunnetti	Sunil Handunnetti				
Sunil-Rajapaksha	Sunil Rajapaksha				
Sunil-Rathnasiri	Sunil Rathnasiri				
Sunil-Watagala	Sunil Watagala				
Sunny-Rohana	Sunny Rohana				
Suppiah-Sathasiwam	Suppiah Sathasiwam				
Suranga-Rathnayaka	Suranga Rathnayaka				
Suren-Raghavan	Suren Raghavan				
Suresh-Premachandran	Suresh Premachandran				
Susantha-Dodawatta	Susantha Dodawatta				
Susantha-Kumara	Susantha Kumara				
Susantha-Punchinilame	Susantha Punchinilame				
Susil-Moonesinghe	Susil Moonesinghe				
Susil-Premajayanth	Susil Premajayanth				
Susil-Ranasinghe	Susil Ranasinghe				
T-B-Ekanayake	T B Ekanayake				
T-B-Mahalekam	T B Mahalekam				
T-B-Sarath	T B Sarath				
T-H-Dunuwila	T H Dunuwila				
T-K-Jayasundara	T K Jayasundara				
T-Kalaiarasan	T Kalaiarasan				
T-S-P-Thevarasa	T S P Thevarasa				
Thalatha-Atukorale	Thalatha Atukorale				
Thambirajah-Thangavadivel	Thambirajah Thangavadivel				
Thambu-Loganathapillai	Thambu Loganathapillai				
Thangeswary-Kathiraman	Thangeswary Kathiraman				
Thanmanpillai-Kanagasabai	Thanmanpillai Kanagasabai				
Tharaka-Balasuriya	Tharaka Balasuriya				
Tharanath-Basnayake	Tharanath Basnayake				
Tharmalingam-Siththarthan	Tharmalingam Siththarthan				
Themiya-Loku-Bandara-Hurulle	Themiya Loku Bandara Hurulle				
Thiagarasah-Maheswaran	Thiagarasah Maheswaran				
Thilak-Karunarathna	Thilak Karunarathna				
Thilak-Marapone	Thilak Marapone				
Thilak-Rajapaksha	Thilak Rajapaksha				
Thilakaratne-Withanachchi	Thilakaratne Withanachchi				
Thilanga-Sumathipala	Thilanga Sumathipala				
Thilanka-Rukmal	Thilanka Rukmal				
Thilina-Bandara-Tennakoon	Thilina Bandara Tennakoon				
Thilina-Samarakoon	Thilina Samarakoon				
Thirimadura-Ranjith-de-Soysa	Thirimadura Ranjith de Soysa				
Thomas-Thangathurai-William	Thomas Thangathurai William				
Thurairasa-Ravikumar	Thurairasa Ravikumar				
Thushara-Indunil	Thushara Indunil				
Thushari-Jayasinghe	Thushari Jayasinghe				
Thusitha-Wijemanne	Thusitha Wijemanne				
Tiran-Alles	Tiran Alles				
Tissa-Attanayake	Tissa Attanayake				
Tissa-Karalliyadde	Tissa Karalliyadde				
Tissa-Vitharana	Tissa Vitharana				
Tudor-Dayaratne	Tudor Dayaratne				
Tyronne-Fernando	Tyronne Fernando				
U-L-Heenmahaththaya	U L Heenmahaththaya				
U-L-M-Mohideen	U L M Mohideen				
U-M-S-Dassanayaka	U M S Dassanayaka				
U-S-H-Maithripala	U S H Maithripala				
Udawatte-Nanda	Udawatte Nanda				
Udaya-Gammanpila	Udaya Gammanpila				
Udayakantha-Gunathilaka	Udayakantha Gunathilaka				
Udayana-Kirindigoda	Udayana Kirindigoda				
Uddika-Premarathna	Uddika Premarathna				
Udith-Lokubandara	Udith Lokubandara				
Uduwe-Dhammaloka	Uduwe Dhammaloka				
Ukkubanda-Wijekoon	Ukkubanda Wijekoon				
Umapathisivam-Baskaran	Umapathisivam Baskaran				
Upali-Abeywickrama	Upali Abeywickrama				
Upali-Piyasena	Upali Piyasena				
Upali-Samaraweera	Upali Samaraweera				
Upeksha-Swarnamali	Upeksha Swarnamali				
Upul-Galappaththi	Upul Galappaththi				
Upul-Kithsiri	Upul Kithsiri				
Upul-Mahendra	Upul Mahendra				
V-Muralitharan	V Muralitharan				
V-S-S-Ranaweera	V S S Ranaweera				
Vadivel-Puththirasigamoney	Vadivel Puththirasigamoney				
Vadivel-Suresh	Vadivel Suresh				
Vaithilingam-Balachandran	Vaithilingam Balachandran				
Vajira-Abeywardena	Vajira Abeywardena				
Vasudeva-Nanayakkara	Vasudeva Nanayakkara				
Veerasingham-Anandasangaree	Veerasingham Anandasangaree				
Velusami-Radhakrishnan	Velusami Radhakrishnan				
Victor-Anthony-Perera	Victor Anthony Perera				
Vidana-Gamage-Jinadasa	Vidana Gamage Jinadasa				
Vidura-Wickremenayake	Vidura Wickremenayake				
Vijayakala-Maheswaran	Vijayakala Maheswaran				
Vijitha-Berugoda	Vijitha Berugoda				
Vijitha-Herath	Vijitha Herath				
Vijitha-Ranaweera	Vijitha Ranaweera				
Vinayagamoorthy-Muralitharan	Vinayagamoorthy Muralitharan				
Vincent-Jayawardena	Vincent Jayawardena				
Vino-Noharathalingam	Vino Noharathalingam				
W-A-Fernando	W A Fernando				
W-A-Wiswa-Warnapala	W A Wiswa Warnapala				
W-B-Ekanayake	W B Ekanayake				
W-B-Jambugahapitiyagedera	W B Jambugahapitiyagedera				
W-J-M-Lokubandara	W J M Lokubandara				
W-M-H-B-Wanninayaka	W M H B Wanninayaka				
W-M-S-K-Dharmawardana	W M S K Dharmawardana				
W-P-S-Pushpakumara	W P S Pushpakumara				
Wasantha-Aluvihare	Wasantha Aluvihare				
Wasantha-Pushpakumara	Wasantha Pushpakumara				
Wasantha-Senanayake	Wasantha Senanayake				
Wasantha-Yapa-Bandara	Wasantha Yapa Bandara				
Weerasinghe-Mallimarachchi	Weerasinghe Mallimarachchi				
Weerasumana-Weerasinghe	Weerasumana Weerasinghe				
Wijaya-Dahanayaka	Wijaya Dahanayaka				
Wijaya-Withanage	Wijaya Withanage				
Wijayapala-Mendis	Wijayapala Mendis				
Wijepala-Hettiarachchi	Wijepala Hettiarachchi				
Wijesiri-Basnayake	Wijesiri Basnayake				
Wijesundara-Bandara-Ranatunga	Wijesundara Bandara Ranatunga				
Wijeyadasa-Rajapaksa	Wijeyadasa Rajapaksa				
Wimal-Weerawansa	Wimal Weerawansa				
Wimal-Wickremasinghe	Wimal Wickremasinghe				
Wimalaweera-Dissanayake	Wimalaweera Dissanayake				
Y-G-Padmasiri	Y G Padmasiri				
Y-M-Nawaratna-Banda	Y M Nawaratna Banda				
Yadamini-Gunawardena	Yadamini Gunawardena				
Yasaratne-Tennakoon	Yasaratne Tennakoon				